isbn,title,author,image_url,amazon_url,has_kindle,is_unlimited,is_prime_reading,has_audible,is_audible,updated_at,category,hp_anchor
9784023323780,本当の自由を手に入れるお金の大学,両@リベ大学長,https://m.media-amazon.com/images/I/71r3UqmJ49L._SY342_.jpg,https://www.amazon.co.jp/dp/B0DKXKXH6B,True,False,False,False,False,2026-05-01 15:39:48,お金の基礎教養,
9784866511245,漫画バビロン大富豪の教え : 「お金」と「幸せ」を生み出す五つの黄金法則,"Clason,GeorgeSamuel,1874-1957 坂野,旭,1995- 大橋,弘祐 ほか",https://m.media-amazon.com/images/I/91xUfnWET4L._SY342_.jpg,https://www.amazon.co.jp/dp/B07Y5D8WF4,True,True,False,False,False,2026-05-01 15:40:05,お金の基礎教養,i-2
9784046001818,「幸せをお金で買う」5つの授業,"Dunn,Elizabeth,1977- Norton,Michael,1975- ほか",https://m.media-amazon.com/images/I/61kLTDI8-hL._SY342_.jpg,https://www.amazon.co.jp/dp/404600181X,False,False,False,False,False,2026-05-01 15:40:21,お金の基礎教養,i-2
9784801400900,貯金すらまともにできていませんがこの先ずっとお金に困らない方法を教えてください!,"大河内,薫 若林,杏樹",https://m.media-amazon.com/images/I/81IAWC2GCmL._SY342_.jpg,https://www.amazon.co.jp/dp/B09B78752W,True,False,False,True,False,2026-05-01 15:40:33,税金関連,i-4
9784046046475,大学4年間の金融学が10時間でざっと学べる,"植田,和男,1951-",https://m.media-amazon.com/images/I/91aC9zkyNpL._SY342_.jpg,https://www.amazon.co.jp/dp/B084VF6FRD,True,False,False,True,False,2026-05-01 15:40:46,お金の基礎教養,i-2
9784877713836,手取り20万円子育て家族の貯金の教科書,"横山,光昭,1971-",https://m.media-amazon.com/images/I/61MpfuoMVAL._SY342_.jpg,https://www.amazon.co.jp/dp/B0DC6492QK,True,True,False,False,False,2026-05-01 15:41:04,お金の基礎教養,
9784152093929,となりの億万長者 : 成功を生む7つの法則,"Stanley,ThomasJ.,-2015 Danko,WilliamD 斎藤,聖美,1950-",https://m.media-amazon.com/images/I/71KurLtpA4L._SY342_.jpg,https://www.amazon.co.jp/dp/4152093927,False,False,False,False,False,2026-05-01 15:41:21,お金の基礎教養,i-2
9784866511122,1億円貯める方法をお金持ち1371人に聞きました,"Stanley,ThomasJ.,-2015 広瀬,順弘,1932-2007",https://m.media-amazon.com/images/I/81tqtw9kE5L._SY342_.jpg,https://www.amazon.co.jp/dp/4866511125,False,False,False,False,False,2026-05-01 15:41:36,お金の基礎教養,i-2
9784835650012,ジェイソン流お金の増やし方 改訂版,厚切りジェイソン,https://m.media-amazon.com/images/I/71XtJco63EL._SY342_.jpg,https://www.amazon.co.jp/dp/B0DFW7RV5Y,True,False,False,False,False,2026-05-01 15:41:52,お金の基礎教養,
9784478114131,サイコロジー・オブ・マネー : 一生お金に困らない「富」のマインドセット,"Housel,Morgan 児島,修",https://m.media-amazon.com/images/I/81SqIklQU2L._SY342_.jpg,https://www.amazon.co.jp/dp/B09HQNXPT3,True,False,False,True,False,2026-05-01 15:42:05,お金の基礎教養,i-2
9784344040502,夢と金,"西野,亮廣",https://m.media-amazon.com/images/I/91uqunAOUcL._SY342_.jpg,https://www.amazon.co.jp/dp/B0C1YMDBRH,True,False,False,False,False,2026-05-01 15:42:21,お金の基礎教養,i-2
9784478116982,JUST KEEP BUYING : 自動的に富が増え続ける「お金」と「時間」の法則,"Maggiulli,Nick 児島,修",https://m.media-amazon.com/images/I/81hUqx6lIOL._SY342_.jpg,https://www.amazon.co.jp/dp/B0C36N3V18,True,False,False,True,False,2026-05-01 15:42:34,お金の基礎教養,i-2
9784199060380,金融のしくみは全部ロスチャイルドが作った,"あべ,よしひろ,1964-",https://m.media-amazon.com/images/I/51Bp6A0KtnL._SY342_.jpg,https://www.amazon.co.jp/dp/4199060383,False,False,False,False,False,2026-05-01 15:42:53,お金のしくみと歴史,i-3
9784801400603,お金のこと何もわからないままフリーランスになっちゃいましたが税金で損しない方法を教えてください!,"大河内,薫 若林,杏樹",https://m.media-amazon.com/images/I/816tyNDg-zL._SY342_.jpg,https://www.amazon.co.jp/dp/B07JYDCR4T,True,False,False,False,False,2026-05-01 15:43:10,税金関連,i-4
9784344426399,お金持ちになれる黄金の羽根の拾い方 : 知的人生設計のすすめ,"橘,玲,1959-",https://m.media-amazon.com/images/I/91BuxVEHY3L._SY342_.jpg,https://www.amazon.co.jp/dp/B0746CMBJD,True,False,False,True,False,2026-05-01 15:43:23,税金関連,i-4
9784300105177,みんなが欲しかった!FPの教科書3級 '23-'24年版,,https://m.media-amazon.com/images/I/81ZnWDeiFlL._SY342_.jpg,https://www.amazon.co.jp/dp/4300105170,False,False,False,False,False,2026-05-01 15:43:41,税金関連,
9784300105214,みんなが欲しかった!FPの問題集3級 '23-'24年版,,https://m.media-amazon.com/images/I/81BUVi05hoL._SY342_.jpg,https://www.amazon.co.jp/dp/4300105219,False,False,False,False,False,2026-05-01 15:43:57,税金関連,
9784046050212,世界一楽しい決算書の読み方 = How to Read Financial Statements : 会計クイズを解くだけで財務3表がわかる. 実践編,大手町のランダムウォーカー,https://m.media-amazon.com/images/I/71EAI9LRC4L._SY342_.jpg,https://www.amazon.co.jp/dp/B0B346SCXS,True,False,False,False,False,2026-05-01 15:44:13,税金関連,
9784065154960,いらない保険 : 生命保険会社が知られたくない「本当の話」,"後田,亨 永田,宏",https://m.media-amazon.com/images/I/81y9VY8zqRL._SY342_.jpg,https://www.amazon.co.jp/dp/B07PKPFNWF,True,False,False,True,False,2026-05-01 15:44:27,保険関連,
9784296203468,この保険、解約してもいいですか?,"後田,亨",https://m.media-amazon.com/images/I/81VfVIY1nTL._SY342_.jpg,https://www.amazon.co.jp/dp/B0CL8TGDW2,True,False,False,False,False,2026-05-01 15:44:46,保険関連,i-5
9784866809014,家賃は今すぐ下げられる! : 家賃崩壊時代にトクする知恵,"日向,咲嗣,1959-",https://m.media-amazon.com/images/I/71uZLN8G80L._SY342_.jpg,https://www.amazon.co.jp/dp/B07MQXRGC6,True,True,False,False,False,2026-05-01 15:45:03,家賃を安くする,
9784480864246,改訂版　金持ち父さん　貧乏父さん:アメリカの金持ちが教えてくれるお金の哲学,ロバート・キヨサキ／著 白根美保子／翻訳,https://cover.openbd.jp/9784480864246.jpg,https://www.amazon.co.jp/dp/B0CNKCH18M,True,False,False,False,False,2026-05-01 15:45:20,投資の基本,
9784480864253,改訂版　金持ち父さんのキャッシュフロー・クワドラント,ロバート・キヨサキ／著 白根美保子／翻訳,https://cover.openbd.jp/9784480864253.jpg,https://www.amazon.co.jp/dp/B0CNKB4FWF,True,False,False,False,False,2026-05-01 15:45:37,投資の基本,
9784478108192,父が娘に伝える自由に生きるための30の投資の教え,"Collins,J.L 小野,一郎,1955-",https://m.media-amazon.com/images/I/71dAeXOzHBL._SY342_.jpg,https://www.amazon.co.jp/dp/4478108196,False,False,False,False,False,2026-05-01 15:45:55,投資の基本,
9784532359119,敗者のゲーム,"Ellis,CharlesD,1937- 鹿毛,雄二 鹿毛,房子",https://m.media-amazon.com/images/I/71h9CLCpfnL._SY342_.jpg,https://www.amazon.co.jp/dp/B09P4Q56W9,True,False,False,True,False,2026-05-01 15:46:10,株式投資基礎,i-9
9784296115877,ウォール街のランダム・ウォーカー : 株式投資の不滅の真理,"Malkiel,BurtonGordon,1932- 井手,正介,1942-",https://m.media-amazon.com/images/I/81ESNiilnpL._SY342_.jpg,https://www.amazon.co.jp/dp/B0C64J62SB,True,False,False,False,False,2026-05-01 15:46:27,株式投資基礎,i-9
9784532357856,投資の大原則 : 人生を豊かにするためのヒント,"Malkiel,BurtonGordon,1932- Ellis,CharlesD,1937- ほか",https://m.media-amazon.com/images/I/716JFofyvkL._SY342_.jpg,https://www.amazon.co.jp/dp/B07FD1SG65,True,False,False,False,False,2026-05-01 15:46:42,株式投資基礎,
9784822244576,株式投資の未来 : 永続する会社が本当の利益をもたらす,"Siegel,JeremyJ 瑞穂,のりこ,1968-",https://m.media-amazon.com/images/I/81DhAa2iJ0L._SY342_.jpg,https://www.amazon.co.jp/dp/4822244571,False,False,False,False,False,2026-05-01 15:46:59,株式投資基礎,i-9
9784775972786,タイトル未取得,著者不明,https://m.media-amazon.com/images/I/81T83qAkkLL._SY342_.jpg,https://www.amazon.co.jp/dp/B08RRLH765,True,False,False,False,False,2026-05-01 15:47:17,株式投資基礎,i-9
9784910364261,ウォーレン・バフェット賢者の名言365 = Warren Buffett Wise Quotes 365,"桑原,晃弥,1956-",https://m.media-amazon.com/images/I/81sAW8CGGoL._SY342_.jpg,https://www.amazon.co.jp/dp/B0D5CDLXKN,True,False,False,False,False,2026-05-01 15:47:35,バリュー株投資,
9784296100514,"""普通の人""だから勝てるエナフン流株式投資術","奥山,月仁",https://m.media-amazon.com/images/I/81n6EWNYiPL._SY342_.jpg,https://www.amazon.co.jp/dp/B07JJ7ML42,True,False,False,False,False,2026-05-01 15:47:51,バリュー株投資,
9784894517837,お金は寝かせて増やしなさい,"水瀬,ケンイチ",https://m.media-amazon.com/images/I/81VyiWsOm0L._SY342_.jpg,https://www.amazon.co.jp/dp/4894517833,False,False,False,False,False,2026-05-01 15:48:07,インデックス投資,i-11
9784775972328,インデックス投資は勝者のゲーム : 株式市場から利益を得る常識的方法,"Bogle,JohnC.,1929-2019 長尾,慎太郎 藤原,玄,1977-",https://m.media-amazon.com/images/I/81JshMa-vmL._SY342_.jpg,https://www.amazon.co.jp/dp/B07D56J524,True,False,False,True,False,2026-05-01 15:48:20,インデックス投資,
9784022951670,ほったらかし投資術,"山崎,元,1958-2024 水瀬,ケンイチ",https://m.media-amazon.com/images/I/71OYkeb1FUL._SY342_.jpg,https://www.amazon.co.jp/dp/B09TST3GHR,True,False,False,False,False,2026-05-01 15:48:38,インデックス投資,i-11
9784866510422,図解・最新難しいことはわかりませんが、お金の増やし方を教えてください!,"山崎,元,1958-2024 大橋,弘祐",https://m.media-amazon.com/images/I/81xzcwtqUUL._SY342_.jpg,https://www.amazon.co.jp/dp/B077F4SK36,True,True,True,False,False,2026-05-01 15:48:56,お金の基礎教養,
9784800720818,世界一やさしい米国株の教科書1年生 : 再入門にも最適!,"はちどう,1980-",https://m.media-amazon.com/images/I/8148MB+tXYL._SY342_.jpg,https://www.amazon.co.jp/dp/B0895FQX2N,True,False,False,False,False,2026-05-01 15:49:13,米国株投資,i-12
9784046044150,お金が増える米国株超楽ちん投資術 : 英語力&知識ゼロで億超えも夢じゃない,たぱぞう,https://m.media-amazon.com/images/I/81FL8LYd78L._SY342_.jpg,https://www.amazon.co.jp/dp/B07YYTN6QS,True,False,False,True,False,2026-05-01 15:49:26,米国株投資,
9784822244699,マネーの公理 : スイスの銀行家に学ぶ儲けのルール,"Gunther,Max,1927-1998 林,康史,1957- 石川,由美子",https://m.media-amazon.com/images/I/41q4KS29XuL._SY342_.jpg,https://www.amazon.co.jp/dp/B00F36MGDU,True,False,False,False,False,2026-05-01 15:49:44,投機の教科書,
9784091897008,正直不動産. 1,"大谷,アキラ,1981- 水野,光博",https://m.media-amazon.com/images/I/71nrFYznepL._SY342_.jpg,https://www.amazon.co.jp/dp/B078MKQL19,True,False,False,False,False,2026-05-01 15:50:02,不動産基礎知識,i-15
9784022950185,やってはいけない不動産投資,"藤田,知也",https://m.media-amazon.com/images/I/71HeJJp0YVL._SY342_.jpg,https://www.amazon.co.jp/dp/B07RLDTKTW,True,False,False,False,False,2026-05-01 15:50:19,不動産基礎知識,
9784862505408,住宅展示場では教えてくれない本当のこと。 : 住宅業界は、早く壊れる家を造りたい!,"澤田,升男",https://m.media-amazon.com/images/I/81Bg0iDCqdL._SY342_.jpg,https://www.amazon.co.jp/dp/4862505406,False,False,False,False,False,2026-05-01 15:50:36,不動産基礎知識,i-15
9784341088644,令和最新版 少額現金ではじめる！「中古1R（ルーム）マンション」堅実投資術,芦沢晃／著,https://cover.openbd.jp/9784341088644.jpg,https://www.amazon.co.jp/dp/4341088645,False,False,False,False,False,2026-05-01 15:50:51,不動産投資,
9784297146245,空き家は使える！戸建て賃貸テッパン投資法　2ndエディション,宮崎俊樹（サーファー薬剤師）,https://m.media-amazon.com/images/I/81vxq1VbTfL._SY342_.jpg,https://www.amazon.co.jp/dp/B0DQ45PKL8,True,False,False,False,False,2026-05-01 15:51:08,不動産投資,
9784594090128,ヤンチャ大家が教える「最強ボロ戸建て」投資術,"ふかぽん,1988-",https://m.media-amazon.com/images/I/61fuePh9sKL._SY342_.jpg,https://www.amazon.co.jp/dp/B09MQRS87B,True,False,False,True,False,2026-05-01 15:51:21,不動産投資,i-16
9784341087630,令和改訂版 パート主婦、戸建て大家さんはじめました！,舛添菜穂子／著,https://m.media-amazon.com/images/I/81drgnuIewL._SY342_.jpg,https://www.amazon.co.jp/dp/4341087630,False,False,False,False,False,2026-05-01 15:51:38,不動産投資,i-16
9784797365993,タイトル未取得,著者不明,https://m.media-amazon.com/images/I/81kNiiRqjFL._SY342_.jpg,https://www.amazon.co.jp/dp/B00BLVQ2FY,True,False,False,False,False,2026-05-01 15:51:55,,
9784341086015,地元のボロ木造物件を再生して「家賃1500万円」を稼いでいます!,,https://cover.openbd.jp/9784341086015.jpg,https://www.amazon.co.jp/dp/4341086014,False,False,False,False,False,2026-05-01 15:52:13,不動産投資,i-16
9784478001547,ボロ物件でも高利回り激安アパート経営 : 入居率95%を誇る非常識なノウハウ : 借金不要,"加藤,ひろゆき",https://m.media-amazon.com/images/I/71qZx-fUChL._SY342_.jpg,https://www.amazon.co.jp/dp/B0081MA1EE,True,False,False,False,False,2026-05-01 15:52:29,不動産投資,
9784341085742,働かずに年収333万円を手に入れて「幸せ」に暮らそう! : 0からヤフオクで軍資金をつくり、不動産投資で無理なく稼ぐ,,https://cover.openbd.jp/9784341085742.jpg,https://www.amazon.co.jp/dp/4341085743,False,False,False,False,False,2026-05-01 15:52:47,不動産投資,i-16
9784478023600,タイトル未取得,著者不明,https://m.media-amazon.com/images/I/71EAkhprLsL._SY342_.jpg,https://www.amazon.co.jp/dp/B00AMX1ADQ,True,False,False,False,False,2026-05-01 15:53:05,不動産投資,i-16
9784344412736,哲学,"島田,紳助,1956- 松本,人志,1963-",https://m.media-amazon.com/images/I/71sLQ1uY84L._SY342_.jpg,https://www.amazon.co.jp/dp/4344412737,False,False,False,False,False,2026-05-01 15:53:21,哲学・考え方,i-18
9784799312629,あした死ぬかもよ? : 人生最後の日に笑って死ねる27の質問,"ひすい,こたろう",https://m.media-amazon.com/images/I/81lI-Fm37qL._SY342_.jpg,https://www.amazon.co.jp/dp/B00AZWTGFI,True,True,False,True,False,2026-05-01 15:53:35,哲学・考え方,
9784022737823,人生の結論,"小池,一夫,1936-2019",https://m.media-amazon.com/images/I/71KqpkXKQTL._SY342_.jpg,https://www.amazon.co.jp/dp/B07G8Z8PT7,True,False,False,True,False,2026-05-01 15:53:49,哲学・考え方,
9784478102480,幸福の「資本」論 = Capital theory of Happiness : あなたの未来を決める「3つの資本」と「8つの人生パターン」,"橘,玲,1959-",https://m.media-amazon.com/images/I/91m5vXP4d-L._SY342_.jpg,https://www.amazon.co.jp/dp/B072FNR1DS,True,False,False,True,False,2026-05-01 15:54:02,哲学・考え方,i-18
9784837957461,GIVE & TAKE「与える人」こそ成功する時代,"Grant,AdamM.,1981- 楠木,建,1964-",https://m.media-amazon.com/images/I/71QTFdzL8PL._SY342_.jpg,https://www.amazon.co.jp/dp/B00IRV39FM,True,False,False,True,False,2026-05-01 15:54:15,哲学・考え方,i-18
9784822289607,FACTFULNESS : 10の思い込みを乗り越え、データを基に世界を正しく見る習慣,"Rosling,Hans,1948-2017 Rosling,Ola,1975- Rönnlund,AnnaRosling,1975- ほか",https://m.media-amazon.com/images/I/71G+bOy00yL._SY342_.jpg,https://www.amazon.co.jp/dp/B07LG7TG5N,True,False,False,True,False,2026-05-01 15:54:30,哲学・考え方,i-18
9784778315306,年収90万円で東京ハッピーライフ,"大原,扁理,1985-",https://m.media-amazon.com/images/I/81YpbKpA7RL._SY342_.jpg,https://www.amazon.co.jp/dp/B01MPXWKKV,True,False,False,False,False,2026-05-01 15:54:47,哲学・考え方,i-18
9784484222028,いつか家族でやりたい99の楽しいことリスト,むぴー,https://m.media-amazon.com/images/I/81Ys5qh-VEL._SY342_.jpg,https://www.amazon.co.jp/dp/B09QPQ4PPV,True,False,False,False,False,2026-05-01 15:55:03,哲学・考え方,i-18
9784065170120,論語と算盤 : 漫画版,"渋沢,栄一,1840-1931 近藤,崇",https://m.media-amazon.com/images/I/91b6W-I4IgL._SY342_.jpg,https://www.amazon.co.jp/dp/B07Y1WKGJ7,True,False,False,False,False,2026-05-01 15:55:20,哲学・考え方,i-18
9784815604233,お金の減らし方,"森,博嗣,1957-",https://m.media-amazon.com/images/I/81OuTHTNC4L._SY342_.jpg,https://www.amazon.co.jp/dp/B085VHBQQH,True,False,False,False,False,2026-05-01 15:55:35,哲学・考え方,i-18
9784334046552,お金の賢い減らし方 : 90歳までに使い切る,"大江,英樹,1952-",https://m.media-amazon.com/images/I/71hTjDYqUeL._SY342_.jpg,https://www.amazon.co.jp/dp/B0BXL8P4SC,True,False,False,True,False,2026-05-01 15:55:47,哲学・考え方,
9784863940390,完訳7つの習慣 : 人格主義の回復,"Covey,StephenR.,1932-2012 フランクリンコヴィージャパン株式会社",https://m.media-amazon.com/images/I/71Lok30IH+L._SY342_.jpg,https://www.amazon.co.jp/dp/4863940394,False,False,False,False,False,2026-05-01 15:56:04,哲学・考え方,
9784408395821,タイトル未取得,著者不明,https://m.media-amazon.com/images/I/71cK0wN7OTL._SY342_.jpg,https://www.amazon.co.jp/dp/440839582X,True,True,False,True,False,2026-05-01 15:56:19,哲学・考え方,
9784087860115,ユダヤ人の成功哲学「タルムード」金言集,"石角,完爾,1947-",https://m.media-amazon.com/images/I/71cvcZRiDQL._SY342_.jpg,https://www.amazon.co.jp/dp/B07MR4BC4P,True,False,False,True,False,2026-05-01 15:56:31,哲学・考え方,i-18
9784106106637,言ってはいけない : 残酷すぎる真実,"橘,玲,1959-",https://m.media-amazon.com/images/I/81etMxWUE8L._SY342_.jpg,https://www.amazon.co.jp/dp/B01E6JQBD0,True,False,False,True,False,2026-05-01 15:57:00,哲学・考え方,i-18
9784866514970,夢をかなえるゾウ. 0,"水野,敬也,1976-",https://m.media-amazon.com/images/I/91zwPjoxUCL._SY342_.jpg,https://www.amazon.co.jp/dp/B09YLR221Z,True,False,False,True,False,2026-05-01 15:57:15,哲学・考え方,i-18
9784492534328,超訳ライフシフト : 100年時代の人生戦略,"Gratton,Lynda,1955- Scott,Andrew,1965-",https://m.media-amazon.com/images/I/71s5ds3vPbL._SY342_.jpg,https://www.amazon.co.jp/dp/B08H4YF7J5,True,False,False,True,False,2026-05-01 15:57:30,哲学・考え方,
9784492534434,LIFE SHIFT 2,"Scott,Andrew,1965- Gratton,Lynda,1955- 池村,千秋,1971-",https://m.media-amazon.com/images/I/71awMbFoA7L._SY342_.jpg,https://www.amazon.co.jp/dp/B09DYKL11B,True,False,False,True,False,2026-05-01 15:57:44,哲学・考え方,i-18
9784763139795,シリコンバレー最重要思想家ナヴァル・ラヴィカント,"Jorgenson,Eric(EricC.),1971- 櫻井,祐子,1965-",https://m.media-amazon.com/images/I/712-8zrDL7L._SY342_.jpg,https://www.amazon.co.jp/dp/B0BB6G7H8D,True,False,False,False,False,2026-05-01 15:58:02,哲学・考え方,
9784091434982,SF・異色短編. 4,"藤子,不二雄F,1933-1996",https://m.media-amazon.com/images/I/91lETxn60KL._SY342_.jpg,https://www.amazon.co.jp/dp/B09JKH2RLK,True,False,False,False,False,2026-05-01 15:58:18,哲学・考え方,
9784197735815,風の谷のナウシカ 1,,https://m.media-amazon.com/images/I/81B4EKskjkL._SY342_.jpg,https://www.amazon.co.jp/dp/4197735812,False,False,False,False,False,2026-05-01 15:58:37,哲学・考え方,
9784022140227,タイトル未取得,著者不明,https://m.media-amazon.com/images/I/51uS-wJ1oiL._SY342_.jpg,https://www.amazon.co.jp/dp/4022140224,True,False,False,False,False,2026-05-01 15:58:53,哲学・考え方,
9784267870040,新装版ブッダ（全１４巻セット）,手塚治虫／著,https://m.media-amazon.com/images/I/91WEQQoSQVL._SX445_.jpg,https://www.amazon.co.jp/dp/4267870047,False,False,False,False,False,2026-05-01 15:59:10,哲学・考え方,i-18
9784091439079,タイトル未取得,著者不明,https://m.media-amazon.com/images/I/61IuspJcl7L._SY342_.jpg,https://www.amazon.co.jp/dp/4091439071,False,False,False,False,False,2026-05-01 15:59:28,哲学・考え方,i-18
9784761270438,エッセンシャル思考 : 最少の時間で成果を最大にする,"McKeown,Greg 高橋,璃子,1979-",https://m.media-amazon.com/images/I/71VWUkfQyqL._SY342_.jpg,https://www.amazon.co.jp/dp/B00QQKCV6E,True,False,False,True,False,2026-05-01 15:59:41,時間,i-19
9784761275815,エフォートレス思考 : 努力を最小化して成果を最大化する,"McKeown,Greg 高橋,璃子,1979-",https://m.media-amazon.com/images/I/81o0trQNzIL._SY342_.jpg,https://www.amazon.co.jp/dp/B09L4KPJWT,True,False,False,True,False,2026-05-01 15:59:54,時間,i-19
9784894514652,非常識な成功法則 : お金と自由をもたらす8つの習慣,"神田,昌典",https://m.media-amazon.com/images/I/81rgj+E82+L._SY342_.jpg,https://www.amazon.co.jp/dp/B00MY68D9S,True,False,False,True,False,2026-05-01 16:00:07,時間,i-19
9784761276157,限りある時間の使い方,"Burkeman,Oliver,1975- 高橋,璃子,1979-",https://books.google.com/books/content?id=isw4zwEACAAJ&printsec=frontcover&img=1&zoom=1&source=gbs_api,https://www.amazon.co.jp/dp/B0B3MJNC7N,True,False,False,True,False,2026-05-01 16:00:23,時間,i-19
9784594085315,未亡人26年生が教える心地よいひとり暮らし : 仙人気分で、楽しい毎日。,"りっつん,1957-",https://m.media-amazon.com/images/I/81moBuUAcnL._SY342_.jpg,https://www.amazon.co.jp/dp/B08GCF954B,True,True,False,False,False,2026-05-01 16:00:41,人間関係,i-20
9784865811643,幸福のための人間のレベル論 : 「気づいた」人から幸せになれる!,"藤本,シゲユキ,1975-",https://books.google.com/books/content?id=4k2PuwEACAAJ&printsec=frontcover&img=1&zoom=1&source=gbs_api,https://www.amazon.co.jp/dp/B07PGLWWRM,True,False,False,False,False,2026-05-01 16:00:58,人間関係,
9784492046241,世界一シンプルで科学的に証明された究極の食事 = The Best Diet:Simple and Evidence-based Guide to Healthy Eating,"津川,友介",https://books.google.com/books/content?id=XuRUDwAAQBAJ&printsec=frontcover&img=1&zoom=1&edge=curl&source=gbs_api,https://www.amazon.co.jp/dp/B07BNFS5PP,True,False,False,True,False,2026-05-01 16:01:12,健康,
9784478106891,世界中の医学研究を徹底的に比較してわかった最高のがん治療 = The Best Cancer Treatments Based on Scientific Evidence from Latest Research,"津川,友介 勝俣,範之,1963- 大須賀,覚",https://books.google.com/books/content?id=fqeNzQEACAAJ&printsec=frontcover&img=1&zoom=1&source=gbs_api,https://www.amazon.co.jp/dp/B085Q36PBR,True,False,False,True,False,2026-05-01 16:01:27,健康,i-21
9784087717792,HEALTH RULES : 病気のリスクを劇的に下げる健康習慣,"津川,友介",https://books.google.com/books/content?id=CSu9zgEACAAJ&printsec=frontcover&img=1&zoom=1&source=gbs_api,https://www.amazon.co.jp/dp/4087717798,False,False,False,False,False,2026-05-01 16:01:42,健康,i-21
9784594082727,転職と副業のかけ算 : 生涯年収を最大化する生き方,"moto,1987-",https://books.google.com/books/content?id=a-gjyQEACAAJ&printsec=frontcover&img=1&zoom=1&source=gbs_api,https://www.amazon.co.jp/dp/B07VC49YQH,True,False,False,True,False,2026-05-01 16:01:55,転職,i-22
9784569841007,働き方2.0vs4.0 : 不条理な会社人生から自由になれる,"橘,玲,1959-",https://books.google.com/books/content?id=hTnDwwEACAAJ&printsec=frontcover&img=1&zoom=1&source=gbs_api,https://www.amazon.co.jp/dp/B07PTY45RH,True,True,False,False,False,2026-05-01 16:02:12,転職,i-22
9784478113899,転職が僕らを助けてくれる = We have a weapon named JOB CHANGE. : 新卒で入れなかったあの会社に入社する方法,"山下,良輔,1989-",https://books.google.com/books/content?id=2AOxzgEACAAJ&printsec=frontcover&img=1&zoom=1&source=gbs_api,https://www.amazon.co.jp/dp/B09K73Z94S,True,False,False,True,False,2026-05-01 16:02:26,転職,i-22
9784799330401,ビジネスを育てる : いつの時代も変わらない起業と経営の本質,"Hawken,Paul 阪本,啓一,1958-",https://books.google.com/books/content?id=fZS20AEACAAJ&printsec=frontcover&img=1&zoom=1&source=gbs_api,https://www.amazon.co.jp/dp/B0CXLKKK9L,True,True,False,True,False,2026-05-01 16:02:40,経営,i-23
9784893469410,奇跡の経営 : 一週間毎日が週末発想のススメ,"Semler,Ricardo,1959- 岩元,貴久",https://m.media-amazon.com/images/I/81LTH96zxyL._SY342_.jpg,https://www.amazon.co.jp/dp/489346941X,False,False,False,False,False,2026-05-01 16:02:58,経営,i-23
9784152094339,強いチームはオフィスを捨てる : 37シグナルズが考える「働き方革命」,"Fried,Jason Hansson,DavidHeinemeier 高橋,璃子,1979-",https://books.google.com/books/content?id=q1DXnQEACAAJ&printsec=frontcover&img=1&zoom=1&source=gbs_api,https://www.amazon.co.jp/dp/B00JFLJ13W,True,False,False,False,False,2026-05-01 16:03:13,経営,
9784798152431,ジョイ・インク 役職も部署もない全員主役のマネジメント【無料お試し版】【固定レイアウト版】,リチャード・シェリダン,https://books.google.com/books/content?id=0MIWDgAAQBAJ&printsec=frontcover&img=1&zoom=1&edge=curl&source=gbs_api,https://www.amazon.co.jp/dp/B06WCZHR9S,True,False,False,False,False,2026-05-01 16:03:30,,
9784297103583,管理ゼロで成果はあがる : 「見直す・なくす・やめる」で組織を変えよう,"倉貫,義人",https://books.google.com/books/content?id=voUMwQEACAAJ&printsec=frontcover&img=1&zoom=1&source=gbs_api,https://www.amazon.co.jp/dp/B07MSDRMM6,True,False,False,False,False,2026-05-01 16:03:48,経営,
9784479792727,タイトル未取得,著者不明,https://books.google.com/books/content?id=yzd8QgAACAAJ&printsec=frontcover&img=1&zoom=1&source=gbs_api,https://www.amazon.co.jp/dp/4479792724,False,False,False,False,False,2026-05-01 16:04:09,経営,i-23
9784861136337,いい会社をつくりましょう,塚越寛,https://books.google.com/books/content?id=LK8enwEACAAJ&printsec=frontcover&img=1&zoom=1&source=gbs_api,https://www.amazon.co.jp/dp/4861136334,False,False,False,False,False,2026-05-01 16:04:27,経営,i-23
9784827206814,日本一社員がしあわせな会社のヘンな“きまり”,山田昭男,https://books.google.com/books/content?id=0H6rpwAACAAJ&printsec=frontcover&img=1&zoom=1&source=gbs_api,https://www.amazon.co.jp/dp/4827206813,False,False,False,False,False,2026-05-01 16:04:45,経営,
9784844373155,自分がいなくてもうまくいく仕組み : これからのチームマネジメントを再定義する本,"山本,敏行",https://books.google.com/books/content?id=TDWhnAEACAAJ&printsec=frontcover&img=1&zoom=1&source=gbs_api,https://www.amazon.co.jp/dp/B00E3786V6,True,True,False,False,False,2026-05-01 16:05:02,経営,
9784860636517,日本でいちばん大切にしたい会社 4,"坂本,光司,1947-",https://m.media-amazon.com/images/I/71fVtl57IjL._SY342_.jpg,https://www.amazon.co.jp/dp/4860636511,True,True,False,False,False,2026-05-01 16:05:19,経営,
9784909044228,売上を、減らそう。 : たどりついたのは業績至上主義からの解放 : ・営業わずか3時間半・どんなに売れても100食限定・飲食店でも残業ゼロ,"中村,朱美,pub.2019",https://books.google.com/books/content?id=6maPxgEACAAJ&printsec=frontcover&img=1&zoom=1&source=gbs_api,https://www.amazon.co.jp/dp/B07SGWHDCT,True,False,False,True,False,2026-05-01 16:05:33,経営,
9784778315504,ただめしを食べさせる食堂が今日も黒字の理由,"小林,せかい",https://books.google.com/books/content?id=yWj_MAAACAAJ&printsec=frontcover&img=1&zoom=1&source=gbs_api,https://www.amazon.co.jp/dp/B01N0ZT2MW,True,False,False,False,False,2026-05-01 16:05:49,経営,
9784532323677,NO RULES : 世界一「自由」な会社、NETFLIX,"Hastings,Reed,1960- Meyer,Erin 土方,奈美",https://books.google.com/books/content?id=LpPxzQEACAAJ&printsec=frontcover&img=1&zoom=1&source=gbs_api,https://www.amazon.co.jp/dp/B08LDBNG74,True,False,False,False,False,2026-05-01 16:06:05,経営,i-23
9784788717947,会社の総資産額は少ないほうがいい : 銀行から融資を受けたかったら、この数字を見直しなさい,"菊地,宏,1964-",https://books.google.com/books/content?id=ikWwzgEACAAJ&printsec=frontcover&img=1&zoom=1&source=gbs_api,https://www.amazon.co.jp/dp/4788717948,False,False,False,False,False,2026-05-01 16:06:22,経営,i-23
9784046065124,タピオカ屋はどこへいったのか? : 商売の始め方と儲け方がわかるビジネスのカラクリ,"菅原,由一,1975-",https://books.google.com/books/content?id=MWNi0AEACAAJ&printsec=frontcover&img=1&zoom=1&source=gbs_api,https://www.amazon.co.jp/dp/B0CV7FKVSK,True,True,False,True,False,2026-05-01 16:06:38,マーケティングスキル,
9784480071279,ファンベース,佐藤尚之／著,https://cover.openbd.jp/9784480071279.jpg,https://www.amazon.co.jp/dp/B079JRSVVQ,True,False,False,False,False,2026-05-01 16:06:53,マーケティングスキル,
9784492047668,自分で選んでいるつもり : 行動科学に学ぶ驚異の心理バイアス,リチャード・ショットン 上原裕美子,https://books.google.com/books/content?id=mx8HEQAAQBAJ&printsec=frontcover&img=1&zoom=1&edge=curl&source=gbs_api,https://www.amazon.co.jp/dp/B0CYT4XW6L,True,False,False,True,False,2026-05-01 16:07:07,マーケティングスキル,i-24
9784023322622,ブログライティングの教科書 = BLOG WRITING TEXTBOOK : ブログ歴17年のプロが教える売れる文章術,"中島,大介,1986-",https://books.google.com/books/content?id=quJfzwEACAAJ&printsec=frontcover&img=1&zoom=1&source=gbs_api,https://www.amazon.co.jp/dp/B0BK8Q94PK,True,False,False,False,False,2026-05-01 16:07:25,ライティングスキル,i-25
9784535574755,悪文,"岩淵,悦太郎",https://m.media-amazon.com/images/I/81DOZ03ACIL._SY342_.jpg,https://www.amazon.co.jp/dp/B00E7HMIA2,True,False,False,False,False,2026-05-01 16:07:43,ライティングスキル,i-25
9784492555774,究極のセールスレター : シンプルだけど、一生役に立つ!お客様の心をわしづかみにするためのバイブル,"Kennedy,DanS,1954- 神田,昌典 齋藤,慎子",https://books.google.com/books/content?id=OZFmEAAAQBAJ&printsec=frontcover&img=1&zoom=1&edge=curl&source=gbs_api,https://www.amazon.co.jp/dp/B09TKRV9TH,True,False,False,True,False,2026-05-01 16:07:58,ライティングスキル,
9784492531129,ロジカル・シンキング : 論理的な思考と構成のスキル,"照屋,華子 岡田,恵子",https://m.media-amazon.com/images/I/71WAGgARu7L._SY342_.jpg,https://www.amazon.co.jp/dp/B00978ZQOG,True,False,False,True,False,2026-05-01 16:08:13,ライティングスキル,
9784569847160,書くのがしんどい,"竹村,俊助,1980-",https://books.google.com/books/content?id=MszWzQEACAAJ&printsec=frontcover&img=1&zoom=1&source=gbs_api,https://www.amazon.co.jp/dp/B08CKXKBFM,True,True,False,True,False,2026-05-01 16:08:26,ライティングスキル,i-25
9784815603076,売れるコピーライティング単語帖 = The Perfect Word & Phrase Book for Copywriters : 探しているフレーズが必ず見つかる言葉のアイデア2000,"神田,昌典 衣田,順一",https://books.google.com/books/content?id=t7bbDwAAQBAJ&printsec=frontcover&img=1&zoom=1&edge=curl&source=gbs_api,https://www.amazon.co.jp/dp/B086W1W2DB,True,False,False,False,False,2026-05-01 16:08:45,ライティングスキル,i-25
9784763138019,よけいなひと言を好かれるセリフに変える言いかえ図鑑,"大野,萌子",https://books.google.com/books/content?id=P0PHzQEACAAJ&printsec=frontcover&img=1&zoom=1&source=gbs_api,https://www.amazon.co.jp/dp/B08G4K88P8,True,False,False,True,False,2026-05-01 16:08:58,ライティングスキル,i-25
9784484212258,書く仕事がしたい,"佐藤,友美,1976-",https://books.google.com/books/content?id=USyqzgEACAAJ&printsec=frontcover&img=1&zoom=1&source=gbs_api,https://www.amazon.co.jp/dp/B09KG376V6,True,False,False,False,False,2026-05-01 16:09:15,ライティングスキル,i-25
9784800712738,世界一やさしいWebライティングの教科書1年生 : 再入門にも最適!,グリーゼ,https://books.google.com/books/content?id=uq3bzQEACAAJ&printsec=frontcover&img=1&zoom=1&source=gbs_api,https://www.amazon.co.jp/dp/B08J2MTVJ1,True,False,False,False,False,2026-05-01 16:09:33,ライティングスキル,i-25
9784815618469,1冊ですべて身につくHTML & CSSとWebデザイン入門講座,"Mana,Webデザイナー",https://books.google.com/books/content?id=T5P3EAAAQBAJ&printsec=frontcover&img=1&zoom=1&edge=curl&source=gbs_api,https://www.amazon.co.jp/dp/B0CTM5Z6XQ,True,False,False,False,False,2026-05-01 16:09:49,プログラミングスキル,
9784873115658,リーダブルコード : より良いコードを書くためのシンプルで実践的なテクニック,"Boswell,Dustin Foucher,Trevor 角,征典",https://books.google.com/books/content?id=Wx1dLwEACAAJ&printsec=frontcover&img=1&zoom=1&source=gbs_api,https://www.amazon.co.jp/dp/4873115655,False,False,False,False,False,2026-05-01 16:10:05,プログラミングスキル,i-26
9784798039251,プログラムはこうして作られる = A computer program is built up in this way : プログラマの頭の中をのぞいてみよう,"平山,尚,1977-",https://books.google.com/books/content?id=-ItxzNp-wesC&printsec=frontcover&img=1&zoom=1&edge=curl&source=gbs_api,https://www.amazon.co.jp/dp/479803925X,False,False,False,False,False,2026-05-01 16:10:23,プログラミングスキル,i-26
9784296001231,コンピュータはなぜ動くのか = How Computers Work : 知っておきたいハードウエア&ソフトウエアの基礎知識,"矢沢,久雄,1961-",https://m.media-amazon.com/images/I/81bEv5dIDdL._SY342_.jpg,https://www.amazon.co.jp/dp/B0BHMS1BYP,True,False,False,False,False,2026-05-01 16:10:38,プログラミングスキル,i-26
9784296000197,プログラムはなぜ動くのか : 知っておきたいプログラミングの基礎知識,"矢沢,久雄,1961-",https://books.google.com/books/content?id=8dJyzgEACAAJ&printsec=frontcover&img=1&zoom=1&source=gbs_api,https://www.amazon.co.jp/dp/B094J3CK1C,True,False,False,False,False,2026-05-01 16:10:56,プログラミングスキル,i-26
9784797382228,暗号技術入門 : 秘密の国のアリス,"結城,浩,1963-",https://m.media-amazon.com/images/I/91SA6QA8OxL._SY342_.jpg,https://www.amazon.co.jp/dp/B015643CPE,True,False,False,False,False,2026-05-01 16:11:11,プログラミングスキル,i-26
9784798046143,プリンシプルオブプログラミング = The Principles of Programming : 3年目までに身につけたい一生役立つ101の原理原則,"上田,勲",https://books.google.com/books/content?id=biseDAAAQBAJ&printsec=frontcover&img=1&zoom=1&edge=curl&source=gbs_api,https://www.amazon.co.jp/dp/B071V7MY82,True,True,False,False,False,2026-05-01 16:11:29,プログラミングスキル,
9784864010054,人月の神話,"Brooks,FrederickPhillips 滝沢,徹 牧野,祐子 富澤,昇",https://books.google.com/books/content?id=jX_aYgEACAAJ&printsec=frontcover&img=1&zoom=1&source=gbs_api,https://www.amazon.co.jp/dp/4864010056,True,False,False,False,False,2026-05-01 16:11:47,プログラミングスキル,
9784873115719,プログラマのためのサバイバルマニュアル,"Carter,Josh 長尾,高弘,1960-",https://books.google.com/books/content?id=I3iDMAEACAAJ&printsec=frontcover&img=1&zoom=1&source=gbs_api,https://www.amazon.co.jp/dp/487311571X,False,False,False,False,False,2026-05-01 16:12:05,プログラミングスキル,i-26
9784478103395,知的戦闘力を高める独学の技法,"山口,周,1970-",https://books.google.com/books/content?id=0M_GswEACAAJ&printsec=frontcover&img=1&zoom=1&source=gbs_api,https://www.amazon.co.jp/dp/B076Q2WHBN,True,False,False,True,False,2026-05-01 16:12:17,プログラミングスキル,i-26
9784839955557,ノンデザイナーズ・デザインブック,"Williams,Robin,1953- 吉川,典秀",https://books.google.com/books/content?id=in4ADQAAQBAJ&printsec=frontcover&img=1&zoom=1&edge=curl&source=gbs_api,https://www.amazon.co.jp/dp/B01LW1BC2L,True,False,False,False,False,2026-05-01 16:12:33,デザインスキル,
9784863542204,小学生でもわかるお金にまつわるそもそも事典,"吹田,朝子 ごうだ,なみこ 水野,圭子",https://books.google.com/books/content?id=8WRYtAEACAAJ&printsec=frontcover&img=1&zoom=1&source=gbs_api,https://www.amazon.co.jp/dp/B071HXNWD1,True,False,False,False,False,2026-05-01 16:12:50,子ども向け,
9784023322776,小学生でもわかる世界史,ぴよぴーよ速報,https://books.google.com/books/content?id=WJg80AEACAAJ&printsec=frontcover&img=1&zoom=1&source=gbs_api,https://www.amazon.co.jp/dp/B0CQC6KXV2,True,False,False,False,False,2026-05-01 16:13:05,子ども向け,i-28
9784344033597,いま君に伝えたいお金の話,"村上,世彰,1959-",https://books.google.com/books/content?id=HZ-tuwEACAAJ&printsec=frontcover&img=1&zoom=1&source=gbs_api,https://www.amazon.co.jp/dp/4344033590,True,False,False,True,False,2026-05-01 16:13:18,子ども向け,
9784344979871,池上彰のはじめてのお金の教科書,"池上,彰,1950- ふじわら,かずえ,1964-",https://books.google.com/books/content?id=r3GQuwEACAAJ&printsec=frontcover&img=1&zoom=1&source=gbs_api,https://www.amazon.co.jp/dp/4344979877,False,False,False,False,False,2026-05-01 16:13:35,子ども向け,
9784092591301,ドラえもん社会ワールドお金のひみつ,"藤子,不二雄F,1933-1996 藤子プロ 日本公認会計士協会 小学館",https://books.google.com/books/content?id=vGv8oAEACAAJ&printsec=frontcover&img=1&zoom=1&source=gbs_api,https://www.amazon.co.jp/dp/B0972HZN9L,True,False,False,False,False,2026-05-01 16:13:51,子ども向け,
9784478109687,DIE WITH ZERO : 人生が豊かになりすぎる究極のルール,"Perkins,WilliamO.,1969- 児島,修",https://m.media-amazon.com/images/I/816Dst4CAZL._SY342_.jpg,https://www.amazon.co.jp/dp/B08K88Z2XR,True,False,False,True,False,2026-05-01 15:56:45,,
